Fecha,Producto,Ventas,Precio,Publicidad,Competencia,Temporada,Promocion
2022-04-13,B,12,53.88140743060459,2.5917899559864512,0,Spring,1
2022-12-15,A,3,13.025224016495436,27.442933253867796,1,Fall,0
2022-09-28,B,18,15.638788310981907,14.38163645218391,1,Fall,1
2022-04-17,A,40,91.57937080099698,15.33882997610706,1,Spring,0
2022-03-13,C,21,22.532083400583566,17.64792517261783,0,Winter,0
2022-07-08,A,15,57.91786140476954,31.064622452480506,0,Summer,0
2022-01-21,A,97,46.99860423406359,16.70249828343846,0,Winter,0
2022-04-13,A,99,41.26089936329584,36.63495252951402,1,Spring,0
2022-05-02,A,26,90.98500111185452,20.226369278693486,0,Spring,0
2022-08-03,C,8,11.964105709794055,3.4176600154979306,0,Summer,0
2022-11-27,C,94,69.74107175580302,39.187992124205365,1,Fall,0
2022-03-29,B,87,96.70549907921954,14.2879162296353,1,Spring,1
2022-04-10,C,42,60.41513651156578,21.638343979963132,0,Spring,0
2022-12-26,C,44,94.31402158297827,34.27219416109508,1,Winter,1
2022-06-01,B,14,14.703209135742139,16.6228078574356,1,Spring,0
2022-05-11,C,78,47.69139871667453,2.8292828073357814,1,Spring,1
2022-05-30,A,2,33.414201186584606,18.69605235064068,1,Spring,0
2022-11-05,A,37,75.77388684826568,47.22242913471517,0,Fall,0
2022-09-15,B,69,98.31673814475221,32.08671986492791,1,Summer,0
2022-12-10,B,38,33.0877056199823,33.57395743336035,0,Fall,1
2022-10-21,B,41,68.8757141326667,31.614107681881993,0,Fall,1
2022-07-11,A,62,27.82878694837661,9.949606947971839,0,Summer,1
2022-10-04,C,60,60.879722911444894,20.916693205114008,0,Fall,1
2022-06-10,A,14,51.75392380195026,37.54698991816591,1,Spring,0
2022-11-10,B,89,97.48047966683833,5.068644877657958,1,Fall,0
2022-01-22,C,84,64.76745454268199,13.892638804485614,1,Winter,0
2022-09-10,C,2,41.455573487813695,13.815955423292682,0,Summer,1
2022-08-24,A,70,20.268620639914005,21.6009463797253,0,Summer,0
2022-12-11,B,17,23.612214586144113,49.01843704710925,0,Fall,1
2022-02-18,A,89,30.27852369561116,3.375127334191097,1,Winter,1
2022-02-28,C,28,32.58699952062682,25.935049719029752,0,Winter,1
2022-06-19,A,66,86.5554452057024,8.968234100610523,1,Spring,1
2022-07-07,A,35,60.510050945427245,48.53382727048721,1,Summer,1
2022-09-28,B,5,57.10518202369298,5.66517523637321,1,Fall,0
2022-07-09,B,65,20.32919846822957,20.180050118079564,1,Summer,1
2022-06-24,C,40,87.41257240144915,36.89424924173031,0,Summer,1
2022-02-20,A,76,75.05328728876353,35.227721401372264,1,Winter,0
2022-12-30,A,56,16.090152571000143,21.136431844696613,0,Winter,1
2022-02-24,A,36,73.70515875067917,17.326208397635913,1,Winter,1
2022-09-01,C,45,58.918439560838145,19.88061892764353,0,Summer,0
2022-11-16,C,23,17.355281117210044,13.213813157931964,0,Fall,0
2022-05-11,B,47,51.247057737579084,10.26664693533999,1,Spring,0
2022-11-03,B,31,53.622665841704226,24.1519848779445,1,Fall,1
2022-05-15,B,11,24.91970861469482,13.426687803380366,1,Spring,0
2022-01-21,A,10,95.11283323002542,14.373083244862507,0,Winter,0
2022-11-25,A,67,86.49778343325957,32.837803173727856,1,Fall,0
2022-06-16,B,14,70.21201035961974,48.42686658499461,1,Spring,1
2022-10-01,A,80,51.606600490054646,30.181860027968753,0,Fall,0
2022-03-30,B,74,47.05889874260576,3.848973353248314,1,Spring,1
2022-11-12,C,93,68.58761204358588,3.779180692703349,0,Fall,1
2022-01-14,B,10,59.088868246621495,47.5711610422783,1,Winter,0
2022-08-30,C,76,15.604579529369705,14.864539515366681,0,Summer,1
2022-09-22,A,94,56.12523838932985,4.603349304123771,0,Fall,1
2022-12-12,B,1,82.57632555095556,29.952229357519077,1,Fall,0
2022-02-22,A,5,51.33158898372623,31.182438914513305,0,Winter,1
2022-12-06,C,20,14.676091979884157,32.42524100593441,1,Fall,0
2022-04-02,C,8,80.76503794456298,13.370101392877064,1,Spring,1
2022-09-21,C,43,28.122740392237695,0.7555342107237517,0,Summer,1
2022-02-04,A,76,33.275875139923485,48.25076847272359,1,Winter,0
2022-07-25,A,1,24.823571808906628,12.544652284555124,0,Summer,0
2022-03-22,A,57,39.71935583843478,33.801314402627376,0,Spring,1
2022-02-19,A,64,78.10763551197715,35.331493493935476,0,Winter,1
2022-12-26,C,84,56.744727355354364,30.500370853974285,0,Winter,0
2022-01-02,C,28,28.43931467356413,15.645369710682411,0,Winter,1
2022-02-23,B,37,89.00470703368367,13.554812688203288,0,Winter,1
2022-04-16,B,47,89.16236694563763,29.883414135135155,0,Spring,1
2022-09-17,A,76,88.35205825414062,43.304781680584576,0,Summer,1
2022-11-06,C,37,31.491659024338535,47.33668644616978,1,Fall,0
2022-07-10,C,49,50.61154097628893,5.295290220187882,1,Summer,0
2022-08-06,C,44,98.64906905267875,7.7414306298859925,0,Summer,0
2022-02-13,B,56,79.48112286789913,47.236812939153985,1,Winter,0
2022-06-11,B,28,12.445067910300384,36.82676141673963,1,Spring,0
2022-07-21,C,79,15.868413213444285,44.149691241488654,1,Summer,0
2022-09-27,C,6,51.75382391310995,10.131631706767157,1,Fall,1
2022-12-17,C,61,91.82981852754041,29.379293555470092,1,Fall,0
2022-10-31,B,20,58.48316181574428,35.056979720873684,1,Fall,1
2022-09-28,C,78,54.80312572308612,34.00559427234863,0,Fall,1
2022-08-03,C,2,19.492632996096752,20.407584543334906,1,Summer,1
2022-09-09,A,73,69.11020942518647,0.7697445845654238,1,Summer,0
2022-07-09,A,37,83.9892844540203,29.146302840213156,1,Summer,1
2022-10-23,B,20,44.23780067568061,12.655076958980437,1,Fall,0
2022-08-01,C,26,79.80506658327947,22.51271230714452,0,Summer,1
2022-07-27,C,29,96.80289885107304,47.879050754190864,0,Summer,1
2022-08-25,A,1,28.338981321492017,19.951765882121737,0,Summer,0
2022-12-04,B,35,57.09966680752672,41.990080333221336,0,Fall,1
2022-02-22,A,70,35.8424162276118,9.427030287462557,1,Winter,1
2022-10-07,A,59,81.35689771304554,33.62302490125144,0,Fall,1
2022-08-05,A,69,61.98340292930418,48.85034772194717,0,Summer,1
2022-09-09,A,33,67.11241757952735,5.094655043646839,0,Summer,0
2022-07-07,C,51,81.81227436543047,0.4159971113596006,0,Summer,1
2022-02-10,C,78,45.63734253962094,21.67913963163072,1,Winter,1
2022-06-06,A,12,92.3581061566339,4.63127415256836,0,Spring,0
2022-01-15,B,20,57.9725980521526,37.419217483811565,1,Winter,1
2022-10-28,B,53,24.21593405518132,45.727433192427945,0,Fall,1
2022-03-06,B,88,72.63092063519221,21.701048635437942,1,Winter,1
2022-12-11,B,43,81.3935215394429,12.935582107772047,1,Fall,1
2022-11-23,A,98,38.5085509360774,21.72016595033049,0,Fall,0
2022-01-09,C,89,87.14613312988777,36.17239089250005,0,Winter,1
2022-12-10,B,50,91.55289292891898,0.4527080790185489,0,Fall,0
2022-05-09,A,29,34.921403864002805,29.472699474234858,0,Spring,1
2022-05-16,B,57,98.51693254436998,30.664584244368953,1,Spring,1
2022-03-04,B,39,22.664037524388256,31.884412344796775,1,Winter,1
2022-05-19,A,95,28.181410156224096,12.101103999043861,0,Spring,0
2022-03-22,C,56,26.580235531422353,35.70263616890634,0,Spring,1
2022-06-12,C,43,90.45907390070833,4.56957431658882,1,Spring,1
2022-10-16,A,50,68.88632970924657,9.96351682334004,0,Fall,0
2022-09-18,C,23,23.68938549000456,43.873502332724094,1,Summer,0
2022-08-19,A,44,49.62910765315141,36.93615753632832,0,Summer,0
2022-02-10,A,38,65.37682225628218,0.6872777005672626,1,Winter,0
2022-01-28,A,84,17.511767649044497,12.41881301849001,1,Winter,1
2022-05-15,C,23,89.41747315666049,10.720324149658229,1,Spring,1
2022-07-20,A,45,82.32431818973816,13.540316401848628,1,Summer,1
2022-11-24,B,52,55.46860962189744,12.377988513994321,1,Fall,1
2022-09-25,C,80,97.04139537332534,3.126314787142287,0,Fall,0
2022-02-02,C,50,47.59848813475897,22.947025829841017,1,Winter,1
2022-02-17,C,8,98.56992871328481,36.63667373930826,0,Winter,1
2022-03-03,C,85,70.11279989232644,30.33658623587182,1,Winter,1
2022-08-04,B,1,67.12041459285473,33.64358342990399,1,Summer,1
2022-10-20,C,8,24.935940576620652,4.057458926811957,0,Fall,0
2022-04-09,C,29,89.37349824741796,47.57453550883936,0,Spring,1
2022-06-21,A,96,48.474071912855365,41.92459169215124,0,Summer,1
2022-12-26,C,5,24.60100652042314,40.254515924783135,0,Winter,1
2022-08-02,B,86,11.134676797818313,41.149190252088374,1,Summer,0
2022-02-04,B,47,60.37801152745443,46.63552540663807,0,Winter,0
2022-08-15,B,34,57.46596599104087,27.212698305684885,1,Summer,1
2022-04-11,B,65,74.74182601322427,10.014100893381295,0,Spring,1
2022-05-11,C,55,90.1232247716022,30.839180392627057,0,Spring,1
2022-09-14,C,90,17.146592617872656,37.14407468339695,1,Summer,0
2022-01-05,B,43,75.83468413063261,36.89586966770127,1,Winter,1
2022-08-06,B,74,26.8670749687824,26.072451208344006,0,Summer,1
2022-09-12,C,30,87.23593478414476,3.422935966678903,1,Summer,1
2022-12-25,B,82,83.71571624754905,18.55564692150639,1,Winter,0
2022-10-10,A,17,58.671437948698994,46.038330423167864,1,Fall,1
2022-07-26,B,26,73.92185187609803,29.2224454878713,1,Summer,1
2022-01-15,B,8,38.29151018653735,26.91659716278567,1,Winter,0
2022-12-12,A,47,52.405110903953315,13.442675719109676,1,Fall,0
2022-02-11,A,76,83.94732079394245,18.422445995828944,1,Winter,1
2022-06-28,C,91,51.33386774558925,44.76730445765846,1,Summer,0
2022-03-04,C,72,42.20184387928976,33.32315237634179,0,Winter,1
2022-12-18,A,89,54.47912025252699,39.36935133761664,1,Fall,0
2022-08-19,A,46,84.54243271934965,22.717271153382757,0,Summer,0
2022-08-29,C,68,40.16872426337855,31.512360972807897,1,Summer,1
2022-02-21,B,33,25.63854338221694,12.419180437160376,1,Winter,1
2022-04-06,A,1,74.08126182977027,35.27304151417432,1,Spring,1
2022-08-10,C,19,84.33803914372736,21.380066685166867,1,Summer,0
2022-08-19,B,31,19.057373067118,22.12727574073728,0,Summer,1
2022-08-25,A,80,31.588670148035025,32.466116228844086,0,Summer,1
2022-05-23,B,14,22.77747907848945,46.81403107344633,1,Spring,1
2022-06-20,C,53,41.31472704239499,3.200317330431046,0,Spring,1
2022-01-29,A,48,50.53158810148714,41.23716186735038,1,Winter,1
2022-02-05,B,69,77.39437032669758,14.619155520609656,1,Winter,0
2022-01-13,A,90,68.60328263935068,22.195972725318892,0,Winter,1
2022-06-09,B,62,65.8835710730588,1.0956664387504478,0,Spring,1
2022-11-23,C,92,41.71374519486889,15.05230389171565,1,Fall,0
2022-07-06,C,66,85.7302797776284,25.131562131506524,1,Summer,1
2022-08-31,A,64,52.41584506583481,2.8088038673719504,0,Summer,1
2022-03-27,B,70,98.11944442136391,24.55478646915826,1,Spring,1
2022-10-11,A,63,67.07279244661632,46.35553144292137,0,Fall,1
2022-03-07,A,73,21.363826740805244,5.2696609053902606,1,Winter,1
2022-06-19,B,33,70.85598058678906,38.22203640377522,1,Spring,0
2022-02-14,B,41,39.25936138885291,20.483552668799632,0,Winter,0
2022-03-03,B,89,71.76944770174876,32.7586857262169,0,Winter,0
2022-05-14,C,48,16.267703334616517,13.011829899261468,0,Spring,1
2022-10-11,A,13,25.739329345836346,7.974613127067914,1,Fall,0
2022-01-28,A,73,87.01635330152077,8.023130713561322,1,Winter,1
2022-04-18,C,77,30.44616013211634,3.5245972821572327,1,Spring,1
2022-02-13,B,31,85.3337012718646,9.282335245062152,1,Winter,1
2022-12-06,C,75,35.134847960896934,33.21096924944841,0,Fall,0
2022-10-13,C,68,67.8593719052837,44.084530592175405,1,Fall,0
2022-11-27,C,98,72.47355161588479,40.70628427955809,1,Fall,0
2022-05-08,A,4,56.13892778305476,34.25671549372421,1,Spring,1
2022-12-14,C,19,37.47796090270582,5.521593170555134,0,Fall,0
2022-08-19,A,70,29.13799387339865,14.459372314797491,1,Summer,1
2022-07-09,A,98,12.987041910618359,15.490343766123448,1,Summer,0
2022-08-13,A,82,37.355176111665145,12.49784731988106,0,Summer,0
2022-10-10,B,13,68.78465114781548,25.750282985486155,1,Fall,1
2022-05-01,A,23,94.44743366036344,26.77769074398363,1,Spring,1
2022-04-26,A,83,88.40840340367468,17.84429875855551,0,Spring,0
2022-08-21,B,75,78.94582988817723,17.6894579368218,1,Summer,0
2022-09-16,A,1,80.96026089279688,41.42777989530407,1,Summer,0
2022-12-25,C,88,69.84864131283958,39.46464241598428,1,Winter,1
2022-07-17,C,54,33.42581718094027,15.389791584037283,0,Summer,1
2022-05-17,A,71,91.64755276352469,45.68942219366296,1,Spring,0
2022-11-14,B,89,70.36590807152507,47.6407508501253,1,Fall,0
2022-06-14,C,85,60.439656788239596,16.33712710150204,0,Spring,1
2022-08-13,B,15,19.989052229213296,17.721247439652743,0,Summer,0
2022-11-03,B,65,50.23499894257829,25.28170767109794,1,Fall,1
2022-08-22,C,76,51.43224440817337,47.056040626683675,1,Summer,1
2022-06-21,B,71,87.8107248570403,43.815971657115576,1,Summer,1
2022-06-01,C,15,59.19833981690096,5.12839812917949,1,Spring,1
2022-11-11,B,21,44.23604940733687,19.63653716357081,0,Fall,1
2022-06-09,C,19,97.91202956595934,27.668559487488594,1,Spring,1
2022-04-06,A,60,19.96485339936841,25.156623627577,0,Spring,0
2022-08-21,C,93,48.02935854807502,9.693153396844634,0,Summer,1
2022-06-29,C,89,13.782220765426477,42.940838558407734,1,Summer,1
2022-04-23,C,33,76.59137086902373,33.84703914984187,1,Spring,0
2022-11-14,C,49,92.62688969792356,41.89541874259018,0,Fall,1
2022-02-21,B,96,35.20335965954405,42.93821396747361,0,Winter,0
2022-09-25,A,35,87.25075091192087,37.41779268328699,1,Fall,1
2022-10-22,C,44,36.2996407415708,21.960530062485866,0,Fall,0
2022-04-23,B,90,91.96931454795237,30.527337750771228,1,Spring,0
2022-04-11,A,11,77.85657132371055,8.018270305987157,1,Spring,1
2022-04-23,A,99,82.44160991572947,33.68227087374539,0,Spring,1
2022-03-22,A,72,11.620590004040904,8.962662786964037,0,Spring,1
2022-07-06,A,78,96.65293213666233,34.69747952550784,1,Summer,1
2022-04-23,C,74,75.40038928632909,11.479908037698433,0,Spring,0
2022-01-02,C,66,37.427598584752,5.877565007510999,1,Winter,0
2022-05-10,B,46,84.64551983729622,8.26422450714787,1,Spring,0
2022-08-08,B,9,35.3369078573437,0.0996067609535134,1,Summer,1
2022-02-23,B,3,88.54784556095152,35.93698089267651,0,Winter,0
2022-12-09,A,85,20.132235137074332,36.620052452918955,1,Fall,1
2022-08-12,A,26,73.33173797147163,25.746667495662972,1,Summer,1
2022-08-13,C,72,58.66286289804193,8.068140052769184,1,Summer,0
2022-05-06,A,48,18.688102317589674,4.177716875534488,1,Spring,1
2022-05-10,A,66,31.770444543295508,0.9564483218643505,1,Spring,0
2022-02-22,A,70,11.11636326495833,8.287408848261036,1,Winter,1
2022-06-21,B,28,52.189116891805526,44.54277674915733,1,Summer,0
2022-08-06,B,93,37.11387346840003,12.076842085084088,1,Summer,1
2022-06-09,C,26,63.852173586798294,17.71356636086078,1,Spring,0
2022-07-17,A,25,36.751402693775546,5.267274224066659,1,Summer,0
2022-09-04,A,12,36.99272003562862,11.118065237408514,1,Summer,1
2022-11-20,C,5,76.8873878858443,25.961228539010257,0,Fall,1
2022-07-22,A,98,14.33285523805181,30.387634154782628,1,Summer,0
2022-07-03,A,48,91.26054956727886,12.267615708310553,1,Summer,1
2022-05-03,B,37,86.70374869520633,2.8866079612558604,1,Spring,1
2022-09-12,C,79,70.10242149037659,19.551643456369934,0,Summer,1
2022-10-21,C,44,63.389941309664586,11.710168546316707,1,Fall,0
2022-10-07,C,15,90.3072248325687,10.977696161490098,0,Fall,0
2022-11-21,C,43,26.6797161575843,47.99314013567276,1,Fall,1
2022-04-08,B,48,17.107224597174575,30.815024296286204,1,Spring,1
2022-07-17,B,87,31.55591529185843,27.843922158604794,0,Summer,0
2022-08-28,A,70,81.51204508301713,20.788755176166095,1,Summer,1
2022-05-24,A,46,13.120324005383498,21.447216671507213,0,Spring,0
2022-04-07,A,43,62.45261515751407,27.045250191904042,0,Spring,1
2022-07-20,A,21,99.5893764572179,34.82149035180536,1,Summer,1
2022-05-04,B,23,87.01264844537855,35.107304809091474,1,Spring,1
2022-07-06,C,80,56.93011201392305,8.584695385272479,1,Summer,0
2022-11-22,B,47,15.72768183579781,25.00563760383135,1,Fall,0
2022-12-15,A,15,84.82361629471389,20.597904751705098,0,Fall,0
2022-09-16,B,25,63.90806573594895,43.52634831346921,0,Summer,0
2022-05-28,C,36,20.343969735361014,31.57094606091882,1,Spring,1
2022-09-09,C,75,18.44715563410206,26.62520332079909,0,Summer,1
2022-12-12,B,51,91.86641374929332,5.769732108945869,0,Fall,0
2022-05-27,B,15,70.22802366442706,30.281894466170574,1,Spring,1
2022-05-28,B,68,84.635811938508,5.860195284011671,0,Spring,1
2022-12-18,A,21,89.10810102540405,16.860328778287602,0,Fall,0
2022-07-18,B,13,61.459511684348996,7.142098240716593,1,Summer,1
2022-11-04,B,86,56.570171657953715,34.603682351218445,0,Fall,1
2022-05-08,B,19,48.73846692888912,10.31260569180763,1,Spring,0
2022-02-08,C,34,38.52519290120074,19.5929686594013,0,Winter,1
2022-12-04,C,78,49.11363647728406,44.783738880938934,1,Fall,1
2022-12-26,A,68,79.64916901571408,10.215819169948514,0,Winter,1
2022-05-09,A,52,64.17310879136184,25.390253197938957,0,Spring,0
2022-09-24,C,27,90.32709609593614,20.9635830583011,1,Fall,0
2022-05-31,C,29,49.90420129412689,0.9062020522864866,1,Spring,1
2022-10-25,C,28,64.63806208468786,39.63790567864064,1,Fall,1
2022-04-09,B,35,66.81767977827899,3.4522953157299865,1,Spring,1
2022-09-20,B,8,63.2527446075693,23.71275104884768,0,Summer,0
2022-09-09,C,16,73.23703957769646,28.033914746947495,0,Summer,0
2022-05-24,B,36,31.369012153732566,31.421322830729352,0,Spring,0
2022-12-12,B,30,56.11273997912116,34.431581465393776,1,Fall,1
2022-04-22,A,18,19.38023225275129,12.663619176135754,0,Spring,1
2022-03-01,C,2,44.60601948803313,0.49893883292246866,0,Winter,1
2022-01-02,C,49,53.8900361759138,36.1721831177456,1,Winter,1
2022-10-31,B,77,68.70018335909252,26.78282996737893,1,Fall,1
2022-09-11,C,4,95.54779473275832,41.805885160362436,0,Summer,0
2022-05-20,A,90,64.05859598935203,41.06941814503472,1,Spring,1
2022-02-06,A,89,76.92345245589038,42.16630838939416,0,Winter,1
2022-06-09,A,94,55.56394535456825,24.25473299897701,0,Spring,1
2022-01-09,C,75,67.06936282386982,16.681419791843282,1,Winter,0
2022-08-21,C,7,16.383899452039607,39.5779101295685,0,Summer,1
2022-04-09,C,95,32.89524227576623,22.564705651462745,1,Spring,0
2022-05-27,C,74,42.56677838846248,9.172109820171725,1,Spring,0
2022-10-31,C,39,52.524401950586224,42.748700978073714,0,Fall,0
2022-07-27,A,13,14.108387095214535,44.127993838617364,0,Summer,0
2022-05-11,B,31,22.60216877979859,23.315487807008505,0,Spring,0
2022-06-01,A,71,34.91328770121752,3.7849863654893734,1,Spring,1
2022-02-23,C,63,97.43794218109456,19.391304495846562,0,Winter,1
2022-04-30,A,56,39.82123063927457,40.17688297313017,1,Spring,0
2022-06-10,C,42,53.383695230087426,45.088701427311435,1,Spring,0
2022-04-26,C,61,27.648794146455366,10.173637124879791,0,Spring,0
2022-03-16,A,42,64.97020639681915,3.348680601263576,1,Winter,1
2022-04-23,C,56,35.26148939643769,43.86752265664193,0,Spring,1
2022-04-14,B,36,28.62933205945841,19.470246948943764,0,Spring,0
2022-12-06,C,84,56.491536560138115,27.088048213378162,0,Fall,1
2022-09-11,B,68,10.495521924437874,48.40329060253794,0,Summer,1
2022-08-15,B,7,10.68976293843028,3.3282363957111425,0,Summer,0
2022-04-22,C,54,29.7161928191672,32.41590037260478,0,Spring,0
2022-04-09,A,1,13.304922625073903,3.7052711287433535,0,Spring,1
2022-06-02,B,44,19.722317871762222,18.77344642332502,1,Spring,1
2022-12-15,A,45,40.49745844048765,40.190727259672336,0,Fall,1
2022-12-04,B,47,82.23271116218315,21.67361163778172,1,Fall,0
2022-07-13,C,13,61.484377903237075,49.85911769514752,1,Summer,0
2022-11-06,C,22,56.14009533607748,27.952964247330108,1,Fall,0
2022-06-12,B,21,36.413994088730945,16.058107631797675,0,Spring,1
2022-07-27,C,86,93.85783474895348,11.005566295237657,1,Summer,1
2022-06-18,B,92,45.73135371134725,17.52602671430809,1,Spring,0
2022-06-10,C,9,17.838349011619435,18.62666368797754,0,Spring,1
2022-03-09,A,26,65.53598645060211,3.4356838861980488,0,Winter,0
2022-10-16,C,9,20.245455412894128,18.47870997133866,1,Fall,1
2022-10-04,A,15,41.07008285215229,23.211925986961248,0,Fall,0
2022-10-31,C,10,55.6670744846028,36.13688761194023,0,Fall,1
2022-05-15,A,88,88.68002722166582,32.8364742360804,0,Spring,1
2022-07-14,C,42,54.41919223061068,35.438282761457714,0,Summer,0
2022-05-08,A,72,73.20328894284978,0.41818409384285493,1,Spring,0
2022-02-02,B,24,99.35351550991633,10.883369979026803,0,Winter,0
2022-06-25,B,80,21.834020790818347,33.084214419992826,0,Summer,0
2022-01-22,A,49,34.72583729675676,24.199468408987357,0,Winter,0
2022-08-26,C,26,45.511846803788174,0.2656737834172973,1,Summer,1
2022-06-07,A,91,47.96453606849482,40.22473212159112,1,Spring,0
2022-02-07,C,37,46.99189677389912,38.64047866451687,0,Winter,0
2022-08-18,B,68,91.68499023008994,27.420958149678132,0,Summer,0
2022-02-20,C,50,74.26293800201708,3.323166288813606,1,Winter,0
2022-09-21,B,24,64.71146926816334,38.32575247662923,0,Summer,0
2022-10-10,C,19,37.84354460765039,29.185679386568196,0,Fall,1
2022-01-27,C,60,84.14113457991652,39.097998857897956,1,Winter,0
2022-08-14,C,39,95.95544603364901,37.58734961979202,0,Summer,0
2022-10-04,A,74,83.90784542952039,40.15010359789186,0,Fall,0
2022-10-13,A,89,10.140859467232561,25.90040332023124,1,Fall,1
2022-04-07,B,18,67.27612331650664,7.016225909675749,1,Spring,1
2022-10-11,B,19,14.602184329789065,33.557873668984435,0,Fall,0
2022-11-13,A,36,33.18464983003497,31.02368925259853,1,Fall,0
2022-10-31,B,74,15.357223031299451,37.11265935995436,0,Fall,1
2022-05-27,A,97,64.34159076544489,8.494050302536765,0,Spring,1
2022-01-04,C,55,71.79309221433462,9.748759995014462,0,Winter,1
2022-02-04,B,69,20.30388742593146,44.52047586096642,1,Winter,0
2022-07-11,B,47,44.54549947404816,37.49888992260354,1,Summer,0
2022-02-18,A,49,51.06128580599878,45.411424435016144,0,Winter,1
2022-01-17,B,99,43.214771958482494,37.93576605819604,0,Winter,0
2022-06-21,B,98,20.892250043667374,29.857765299515094,1,Summer,1
2022-08-08,C,33,47.70530111687279,32.70663685139368,1,Summer,1
2022-06-07,B,21,77.60602430275763,44.456396197000494,1,Spring,1
2022-02-15,C,81,16.39068980799299,28.940337725597026,0,Winter,0
2022-01-06,A,22,17.21620126737131,31.619566216419372,1,Winter,1
2022-04-09,B,48,41.92941626523858,7.823835800180029,1,Spring,1
2022-08-21,C,37,94.75531404570326,23.696061005805134,0,Summer,0
2022-02-06,A,15,70.17153820506226,35.81985559790495,0,Winter,1
2022-10-07,B,35,71.08029610053083,13.54713491581827,0,Fall,0
2022-12-15,A,92,42.572799175407845,10.112709026226746,1,Fall,1
2022-10-29,B,71,63.42947120876846,15.691340411220779,0,Fall,0
2022-06-30,A,32,10.911806562496905,12.075031399641672,0,Summer,1
2022-04-05,A,11,67.24864417685879,10.745631851819793,0,Spring,1
2022-04-09,C,10,92.1958252818613,21.242542143404346,0,Spring,1
2022-07-07,A,73,65.13161215103372,45.391925694176706,1,Summer,1
2022-04-26,B,78,88.63287341197105,25.352982336935913,0,Spring,1
2022-07-10,B,77,75.15757499194844,9.396019040766152,1,Summer,0
2022-09-10,C,57,20.850257476332125,3.848583469043704,1,Summer,0
2022-06-10,B,25,91.22079765572576,34.80780725689626,1,Spring,1
2022-09-13,B,2,15.97994599201974,19.139938221819392,0,Summer,1
2022-11-19,B,64,58.05707252929874,41.09154732926796,1,Fall,1
2022-05-08,A,35,22.79234114141119,32.97553843203851,0,Spring,0
2022-01-18,A,7,11.053594965781366,39.81207252706842,0,Winter,0
2022-10-08,B,85,47.98308341148751,13.597301970922437,0,Fall,1
2022-08-11,C,18,36.55366368887406,34.6179461230529,1,Summer,0
2022-02-23,A,67,53.74004444178427,13.203099234685938,0,Winter,1
2022-02-27,C,42,61.947989806109575,46.95342397251458,0,Winter,1
2022-11-19,B,39,13.936516507805262,31.81871407666872,0,Fall,1
2022-12-26,B,41,21.070296561137106,16.225590008767103,1,Winter,0
2022-06-23,A,75,60.27781568053828,13.475593114613632,1,Summer,1
2022-10-07,B,24,40.885061785539236,9.546329253582176,1,Fall,1
2022-04-24,A,60,75.62561387945031,34.73204794468639,0,Spring,1
2022-10-15,B,46,68.70624837327458,10.935780649896365,1,Fall,0
2022-12-08,B,19,86.10439266909161,29.765163296374453,0,Fall,0
2022-05-31,A,68,72.32435440023028,13.231751346267867,0,Spring,0
2022-05-07,A,90,48.69379696511333,33.09844723969343,1,Spring,1
2022-06-04,A,42,70.56699601549892,40.74698642702696,0,Spring,0
2022-09-30,B,32,34.784305682987664,38.90126215723266,1,Fall,1
2022-04-14,B,39,37.568214890039144,38.042566546539085,0,Spring,0
2022-10-26,C,36,81.0086643928714,9.386120284612604,1,Fall,1
2022-09-03,A,97,50.1777564761424,4.419247349225936,0,Summer,0
2022-06-25,B,36,81.85423064665173,34.94744142436928,0,Summer,1
2022-02-08,B,3,84.01801363014506,18.417360689717565,0,Winter,0
2022-06-19,A,73,87.18061038951554,21.617311320167364,0,Spring,0
2022-09-04,C,8,92.49717122570866,1.5574546396695532,0,Summer,0
2022-01-26,A,97,48.78866984619666,12.97882246375246,1,Winter,1
2022-12-21,C,70,38.698013648902496,1.6838201937232011,0,Winter,0
2022-11-02,B,41,62.39788719347025,43.95928863006238,1,Fall,0
2022-01-13,C,68,43.405518109386485,12.169834160926523,1,Winter,0
2022-11-12,B,13,64.09667501202097,27.866858478650403,1,Fall,0
2022-11-09,A,49,73.50272763794422,1.9489660330565206,0,Fall,1
2022-02-05,A,60,71.95645166429232,33.3423695652829,0,Winter,0
2022-06-22,A,2,43.70975983181092,16.151367287704694,0,Summer,1
2022-01-20,C,60,25.017418152887753,44.89595934788329,1,Winter,1
2022-11-17,B,5,48.74764046159868,44.40590944670179,0,Fall,1
2022-09-21,A,44,22.833472967371787,16.264530918087388,0,Summer,1
2022-05-22,A,27,90.10873316654275,45.04804478452339,1,Spring,0
2022-05-23,B,32,41.128971466407165,49.80788367493894,1,Spring,1
2022-04-02,A,21,23.90137725009914,41.2707832061974,1,Spring,1
2022-12-20,B,8,12.29029839151758,42.24356738776145,1,Fall,1
2022-11-18,B,72,68.12401476578358,12.450436805454496,1,Fall,1
2022-10-15,B,50,67.3212085709269,28.835119942887815,1,Fall,0
2022-08-03,B,67,40.65437499231625,3.3627956983683926,0,Summer,0
2022-12-08,B,44,16.45406999628859,4.745896841083486,1,Fall,1
2022-02-20,C,58,46.86660054057088,49.94463060166453,0,Winter,1
2022-06-02,A,3,38.00957455570543,16.331962471295547,0,Spring,1
2022-07-05,C,86,70.94085757615085,37.40919560244232,0,Summer,0
2022-03-04,A,70,64.52013245074212,40.33325265134082,1,Winter,0
2022-07-09,C,2,42.8134355377786,42.90116355036146,0,Summer,0
2022-05-05,B,87,29.61032988294911,49.881414870107825,1,Spring,0
2022-05-30,A,44,98.92323695400327,12.074824262843393,1,Spring,0
2022-11-10,A,2,50.860145907650335,2.0175413429849853,0,Fall,1
2022-02-27,C,81,71.94468122022133,20.5595758997293,1,Winter,0
2022-12-08,C,35,22.64976708205247,6.504033491447347,0,Fall,0
2022-11-01,A,98,53.703072969345804,1.1212944581027562,0,Fall,1
2022-06-29,C,87,12.478304788251894,18.021341357074306,1,Summer,0
2022-06-19,C,30,55.490960611940494,39.18691255376182,0,Spring,0
2022-11-22,C,8,96.76156664059322,28.309034561253544,0,Fall,0
2022-09-28,B,22,44.57860416872202,15.638899460517703,0,Fall,1
2022-02-23,B,44,13.509641131742043,32.71710027463598,1,Winter,0
2022-04-11,C,58,12.786021182740917,11.600909015440536,0,Spring,1
2022-09-21,C,36,44.91880839521826,0.7190723036042512,1,Summer,1
2022-02-22,B,69,24.402244281687466,38.21766932182137,1,Winter,0
2022-03-01,B,77,12.101688669536731,31.187154243200453,0,Winter,0
2022-04-18,A,93,78.05922525551591,38.115131225047996,0,Spring,0
2022-01-05,A,31,51.26707079937016,1.9469008343832805,1,Winter,0
2022-04-13,B,47,36.032029477538906,41.85598139153261,1,Spring,1
2022-07-15,C,55,91.00748647148326,30.976310001815165,0,Summer,0
2022-09-19,C,80,20.452506418047307,28.169767535632005,0,Summer,1
2022-12-16,C,62,96.03269460597873,31.23070240572658,1,Fall,1
2022-02-16,C,30,38.25700456396176,43.2216623434182,1,Winter,1
2022-12-21,A,55,89.95633050778132,29.346825327945353,1,Winter,1
2022-11-07,B,16,64.26485888315153,29.047518994408968,1,Fall,1
2022-11-04,C,12,84.40366237673388,49.53395785328829,1,Fall,0
2022-05-24,A,17,98.56118468894178,37.8365083534284,0,Spring,1
2022-09-26,C,16,35.956489403687115,22.114690272556764,1,Fall,1
2022-05-04,B,12,96.50219368668337,35.369850001646384,1,Spring,0
2022-04-16,A,8,45.05337054121783,19.461523584589425,0,Spring,0
2022-06-07,B,84,44.69607142632301,11.44377312417495,0,Spring,1
2022-05-27,B,3,40.63483938290551,29.84259384438797,1,Spring,1
2022-05-25,A,16,58.72668466128267,46.409104905697575,1,Spring,0
2022-04-30,A,30,23.873053886063836,46.45697600077314,0,Spring,1
2022-11-15,A,23,59.834033682221005,17.095263905274514,1,Fall,0
2022-10-02,A,92,58.75343311690036,26.38387331108475,1,Fall,0
2022-04-02,A,5,78.5711631344383,10.58179492849306,0,Spring,1
2022-02-27,A,84,85.0284965743827,49.78155547494417,1,Winter,0
2022-12-12,A,65,49.639721528118166,49.05589539339679,0,Fall,1
2022-08-17,C,30,37.20999244163444,32.475446485372366,0,Summer,1
2022-04-27,B,21,33.3401407585385,40.22070298387367,0,Spring,1
2022-11-14,A,84,27.516145303438474,35.755008064185,0,Fall,0
2022-10-06,C,70,15.18828239791224,29.65791095197341,1,Fall,1
2022-05-07,C,22,40.8203180951242,2.6673998494448847,0,Spring,0
2022-05-09,C,82,34.322292291770495,22.738217127633053,1,Spring,1
2022-02-27,B,72,96.97756472797666,33.739315108370526,1,Winter,1
2022-05-02,A,32,60.19379436250395,33.876580694184234,1,Spring,0
2022-01-01,C,33,41.25493351274568,18.65613092111918,1,Winter,1
2022-08-27,B,16,62.24208408943264,47.084599332901526,1,Summer,1
2022-10-17,B,76,22.527703121112594,8.36785161183905,0,Fall,0
2022-04-06,B,38,49.963937428198264,25.01797231077803,0,Spring,0
2022-05-06,C,98,66.36108892789574,34.54419882754114,0,Spring,0
2022-04-28,A,14,54.000804861320624,34.85679029459046,0,Spring,1
2022-02-17,C,36,46.160092058889184,32.43194783844078,1,Winter,0
2022-03-30,C,97,99.44635500097283,13.764410672593009,0,Spring,0
2022-08-25,A,23,89.22832859340343,7.810328434331098,1,Summer,1
2022-09-29,A,66,66.10653623434962,31.797016341335542,1,Fall,0
2022-07-08,A,85,61.24396250640545,29.965105806971888,0,Summer,1
2022-07-11,B,2,65.85944318421257,8.967800514462049,0,Summer,1
2022-03-10,A,91,28.118089704018992,35.25695727852817,0,Winter,0
2022-10-05,C,73,45.56239689378867,22.75859958668282,0,Fall,1
2022-12-15,A,65,13.551357960180939,33.38802958015765,1,Fall,0
2022-09-04,C,75,52.7991433738144,41.868353988507536,1,Summer,0
2022-03-17,B,67,58.87221255618969,8.486421428846159,0,Winter,0
2022-06-03,C,52,30.497476249288862,0.9572433998418339,1,Spring,0
2022-05-24,C,62,96.76259624489623,38.955129319789336,1,Spring,1
2022-03-27,A,23,91.85091498435177,30.484871257630797,1,Spring,1
2022-07-04,A,26,74.99289119103153,34.98197848110608,0,Summer,0
2022-10-12,C,68,58.004796588882634,41.90774874943213,1,Fall,0
2022-08-08,A,82,88.29722436829165,40.14054674122502,0,Summer,1
2022-03-10,B,55,21.758710944111662,48.046007346441236,0,Winter,0
2022-02-16,B,6,81.14588148473965,26.79675394260591,1,Winter,1
2022-04-04,A,35,21.23387325701635,24.42478163299527,1,Spring,0
2022-08-26,B,22,81.47895962944649,20.094359994536504,0,Summer,1
2022-07-23,A,43,34.819081142622125,7.684552142210227,1,Summer,1
2022-08-06,C,15,88.93815229163701,28.63036164410112,1,Summer,1
2022-12-07,C,86,94.96378844428581,13.85062621629894,0,Fall,0
2022-02-08,B,60,23.391637246460405,46.06537561064877,0,Winter,0
2022-04-10,A,12,51.640804455885416,29.15954021385488,0,Spring,0
2022-10-16,A,49,98.28886403464166,29.642009025405507,0,Fall,0
2022-09-11,B,42,53.506669237583196,17.746233043850502,1,Summer,0
2022-08-10,C,38,87.71927702630906,2.5994675988853744,1,Summer,1
2022-12-23,B,82,62.985836991818786,1.587188268649431,0,Winter,1
2022-01-23,C,45,43.77969171276417,21.166757207659874,0,Winter,1
2022-09-07,A,35,35.72051999732832,4.228268904861893,0,Summer,1
2022-01-10,C,30,28.290078197747853,30.342347777006957,1,Winter,1
2022-09-03,B,88,78.56183722399275,44.04865028198287,0,Summer,1
2022-11-21,A,30,44.78864561407251,44.14574082593611,1,Fall,1
2022-04-10,B,78,56.0147915980676,32.95227050661162,0,Spring,0
2022-10-17,B,6,54.309293200106374,10.56159157364655,0,Fall,1
2022-06-29,C,67,61.95511263098181,43.149841567943604,0,Summer,0
2022-08-11,B,80,87.9019431062097,44.30467176566041,1,Summer,1
2022-09-07,C,7,98.26654092250864,9.832679247647935,1,Summer,1
2022-05-27,A,52,46.68257877164353,36.871304288533864,1,Spring,0
2022-04-06,C,14,84.47670298956727,14.325977446356147,0,Spring,1
2022-09-14,A,73,78.80750151892458,40.13201561764648,1,Summer,0
2022-11-21,C,15,61.617605631001595,49.86189499518014,1,Fall,1
2022-01-04,B,21,96.04424292507397,1.5013002664696407,0,Winter,0
2022-01-16,C,35,28.042706397556252,44.86829328954659,0,Winter,1
2022-10-07,C,66,19.83377892786593,31.131526679932904,1,Fall,0
2022-12-02,A,91,86.85657702598799,48.669130958241055,1,Fall,0
2022-09-04,B,2,49.52348349703735,23.25047587632138,1,Summer,1
2022-09-15,C,35,86.22719687863544,42.369396528568686,1,Summer,1
2022-06-09,B,82,90.37811846758734,3.1197034299138613,0,Spring,0
2022-12-06,C,78,15.62118342571643,16.763952503914787,0,Fall,1
2022-06-01,C,20,89.51182866874547,3.3508268875604985,0,Spring,0
2022-06-27,B,82,50.348714983247994,48.76715667395353,1,Summer,1
2022-06-12,C,10,55.9389240103809,40.84869536359184,1,Spring,0
2022-02-02,B,25,66.39332599838892,42.62737106229852,0,Winter,1
2022-06-28,C,66,93.3744346057078,46.89826157169471,0,Summer,0
2022-04-11,A,25,11.720448498678763,4.255174305989268,1,Spring,1
2022-09-25,B,54,52.91591214860354,19.27987962566667,1,Fall,0
2022-11-19,C,33,71.89498381875046,3.551744452200106,0,Fall,0
2022-03-06,C,36,75.04362619284056,10.53965507750143,0,Winter,1
2022-06-17,A,95,72.32791883833971,11.468288851883617,0,Spring,1
2022-11-26,B,14,22.099161646730966,23.455360552378934,1,Fall,0
2022-02-12,C,65,36.94560295345131,13.428108372682129,1,Winter,0
2022-02-13,A,80,42.28439728753121,5.048905340888055,1,Winter,0
2022-10-12,C,54,82.39934869115545,8.374554454705386,1,Fall,0
2022-01-12,B,52,35.088388517309774,7.363778177604546,1,Winter,1
2022-04-05,C,3,28.963446748048284,48.653839895614915,1,Spring,0
2022-10-29,C,99,96.17032171342865,37.96462534592368,0,Fall,0
2022-09-10,C,41,10.7976956602122,48.3880732634781,0,Summer,0
2022-08-30,C,6,99.80387701137803,21.987024325395428,1,Summer,1
2022-02-04,A,25,70.9139168971656,13.91842408313283,0,Winter,0
2022-08-03,A,13,84.56223695042054,39.91465986045933,1,Summer,1
2022-12-03,B,98,36.51574567115738,16.31269590205734,0,Fall,1
2022-03-31,A,8,11.288374990035399,14.969168685267414,1,Spring,1
2022-09-21,A,21,76.40825667053771,11.62529961039156,0,Summer,1
2022-04-03,B,98,85.07301373006082,6.483948911211767,0,Spring,1
2022-03-31,A,68,76.64285187581672,12.823153050838298,1,Spring,1
2022-04-25,A,25,22.856525857075475,17.765987423694384,1,Spring,1
2022-04-15,B,79,77.80851300312722,33.69971040728652,0,Spring,0
2022-07-15,B,68,79.20305038968769,3.128242110972579,0,Summer,0
2022-11-10,B,45,69.26864641030494,10.525346983267148,1,Fall,1
2022-04-24,C,60,78.95043395160276,40.45118201458382,0,Spring,0
2022-03-16,C,12,86.1329295709959,7.346096179188538,1,Winter,0
2022-08-05,B,32,65.22437028137125,17.132257326126076,1,Summer,1
2022-10-04,B,96,17.974424257271117,43.23294609290701,0,Fall,0
2022-09-06,B,92,53.88650287004898,7.746265557172133,1,Summer,1
2022-06-13,C,13,16.988440120444455,4.136841780909495,0,Spring,0
2022-12-23,C,31,46.678872792918774,24.22689975400054,0,Winter,1
2022-07-11,A,78,46.63958402130649,15.12097556392682,1,Summer,1
2022-08-15,A,20,15.940885972621743,28.170418224192705,0,Summer,0
2022-06-26,B,18,41.39384805725314,40.19024452417376,1,Summer,0
2022-04-09,C,93,19.989828891218338,6.857424407637158,1,Spring,1
2022-02-05,C,60,82.74116890082999,29.03495422771425,1,Winter,1
2022-04-06,C,63,95.29192233680237,25.275438019493198,0,Spring,1
2022-06-01,B,6,16.508482773214475,7.203939300659979,1,Spring,0
2022-05-31,A,32,95.96036865625312,31.19992427644912,0,Spring,0
2022-07-09,B,93,57.031893940307064,13.682020893038583,1,Summer,0
2022-08-12,A,43,36.96091101584865,24.391715927200625,1,Summer,0
2022-02-06,A,2,16.917586774854716,4.113616213853094,1,Winter,1
2022-09-25,B,60,55.056184126337605,22.979202860681152,0,Fall,1
2022-07-02,A,23,81.50639900416738,15.323173402141016,0,Summer,1
2022-01-13,A,83,73.63778295400283,41.119060559267716,1,Winter,1
2022-10-06,C,31,14.520341031757638,2.848936349868414,1,Fall,0
2022-08-05,A,5,16.561165183111317,20.930363745916498,0,Summer,1
2022-12-21,B,83,46.25859543693734,22.9215712065719,0,Winter,1
2022-12-27,B,34,36.57614446431489,36.250303814955934,0,Winter,0
2022-10-13,A,10,30.914589075044304,28.714378754510548,1,Fall,0
2022-09-30,C,89,35.29040490178423,33.360616859709054,0,Fall,1
2022-03-03,C,2,82.31344689671961,38.8524642825878,1,Winter,0
2022-03-25,A,11,93.63052482686685,43.11014868290944,0,Spring,1
2022-08-05,A,50,46.45924250748098,15.693774836123525,1,Summer,0
2022-12-08,B,31,91.54999019192473,26.901135268195148,1,Fall,0
2022-07-06,A,56,38.93461311230938,42.005403921959996,1,Summer,1
2022-01-19,C,79,52.87932877094124,49.472556548252825,0,Winter,0
2022-06-26,A,73,30.342609803439974,44.47596555218816,0,Summer,1
2022-04-10,B,87,67.64284379582597,18.57336313121884,0,Spring,0
2022-08-21,B,83,98.1083003657328,9.758325860932521,1,Summer,0
2022-03-17,B,9,64.31437864390408,24.469626870329435,1,Winter,0
2022-09-22,B,99,42.203267570219396,37.08207259180211,0,Fall,0
2022-10-11,B,21,68.30357013914755,24.62845353766488,1,Fall,0
2022-07-25,A,73,21.06286106188488,24.159043165683425,1,Summer,1
2022-08-11,A,28,89.97931722388587,41.91152105409003,1,Summer,0
2022-02-21,A,62,55.27755557018527,18.070188953359317,0,Winter,1
2022-12-05,A,7,50.441476783567786,42.98973374058228,1,Fall,0
2022-05-24,B,80,62.727830960816725,20.340240047586178,0,Spring,1
2022-03-10,C,16,66.23054765104622,16.41165528391697,0,Winter,0
2022-04-09,A,97,16.459822560386172,22.69949555998495,0,Spring,1
2022-01-25,C,4,71.43554991010622,38.12234793374342,0,Winter,1
2022-02-22,A,4,31.773851228397664,6.300101393199714,0,Winter,0
2022-05-31,A,40,74.25573692559308,9.82096079360087,1,Spring,0
2022-05-24,C,17,84.0281314945777,47.5722412831546,0,Spring,0
2022-02-26,B,52,82.35626567972683,8.77458136906787,0,Winter,1
2022-02-08,A,93,59.72508706671002,28.38636589655273,0,Winter,1
2022-04-19,A,52,56.81529030796761,28.965723333096893,1,Spring,0
2022-06-30,A,36,22.858836520547055,24.48122310251224,1,Summer,0
2022-02-11,C,38,79.7811535362822,32.23726242884093,1,Winter,1
2022-07-05,B,50,34.42684424020429,11.491336289880921,1,Summer,1
2022-08-11,C,63,54.70258805361519,27.633113388837412,0,Summer,0
2022-05-02,C,63,35.5846683634765,18.608662762344856,0,Spring,1
2022-05-13,B,62,22.044552669972383,33.08336298145945,1,Spring,0
2022-06-12,C,99,66.66019272025629,7.061177168657473,1,Spring,0
2022-08-03,B,7,14.889883134061344,28.543870841973813,1,Summer,0
2022-08-09,A,27,77.378071071358,9.263517769166185,1,Summer,1
2022-08-23,B,92,38.5828115735005,13.93215315575182,0,Summer,1
2022-11-27,A,86,10.012122370403679,10.93549001617916,1,Fall,1
2022-05-26,C,14,56.001622531350684,9.141888993440855,1,Spring,1
2022-08-27,C,71,14.216671767484282,41.28554757803335,1,Summer,0
2022-03-17,A,86,34.85526020388095,14.285378383044517,1,Winter,1
2022-01-09,C,5,73.62788387101446,46.35618909322247,1,Winter,0
2022-03-15,B,55,15.642065945967929,48.49632626725954,1,Winter,0
2022-09-10,A,2,85.54046431204021,28.563023496854868,1,Summer,0
2022-08-18,C,62,10.34379303927248,7.15005613328632,0,Summer,1
2022-01-07,A,91,32.2141482281712,18.727412168979065,0,Winter,0
2022-06-23,B,21,76.68136505368643,39.8866131674107,0,Summer,0
2022-05-21,B,79,38.46431347563761,18.369536434853522,0,Spring,1
2022-06-17,C,21,19.17031492594122,4.350860915139437,0,Spring,0
2022-06-19,B,10,42.42105269203851,27.839245546409398,0,Spring,1
2022-10-10,A,87,34.3353957746073,42.25604257480174,1,Fall,1
2022-05-02,B,58,85.84407119444994,39.79631935717512,1,Spring,1
2022-07-13,A,39,38.20131258266288,8.756157006517661,0,Summer,0
2022-01-05,A,5,81.00392245984065,33.63823072062333,1,Winter,1
2022-01-29,B,65,90.26849303296612,11.025213171782354,0,Winter,1
2022-06-14,C,13,49.04356776188766,10.910376727608611,1,Spring,1
2022-12-05,B,85,91.89488294689528,43.70358866525926,1,Fall,1
2022-05-16,A,90,43.95862485668736,12.483447637011508,1,Spring,0
2022-11-17,A,85,96.76705748410974,13.16236732590056,1,Fall,1
2022-12-08,B,53,18.036057207301564,0.03266953806497774,1,Fall,0
2022-05-25,C,82,71.83173398529185,43.53345170627588,1,Spring,1
2022-11-23,C,45,54.44326364112358,39.62974066045673,0,Fall,0
2022-08-05,A,32,44.88839249100823,31.3664467545339,0,Summer,1
2022-10-28,A,36,66.94406908737409,37.51328819694211,1,Fall,0
2022-05-12,C,81,73.34713824708982,7.60242837122459,0,Spring,1
2022-10-19,B,99,10.392694268527817,22.916179729378772,1,Fall,0
2022-03-11,A,60,25.025777987247885,17.560969367439043,0,Winter,0
2022-09-09,A,11,74.17414455708868,4.688826312850825,1,Summer,0
2022-10-02,C,63,69.97468722203858,24.306524260746205,0,Fall,1
2022-12-30,B,21,96.94427546158094,46.03698251713177,1,Winter,0
2022-07-01,C,52,78.49340112257048,2.002955952534724,0,Summer,0
2022-06-16,B,55,95.56954369582043,14.573045674689695,1,Spring,0
2022-04-01,B,26,73.22864513813263,10.377046810285172,0,Spring,0
2022-07-21,B,68,36.824698777549884,11.907332683284816,1,Summer,1
2022-12-12,A,34,19.482843002577084,45.42172759396876,1,Fall,0
2022-01-19,C,52,80.3641477010442,23.403452711714507,1,Winter,0
2022-02-08,C,82,67.97342993283243,23.31497064699094,0,Winter,0
2022-05-06,B,99,14.336741115396661,38.02878212276411,0,Spring,1
2022-06-22,A,93,42.40454193108805,7.72461020024629,0,Summer,0
2022-05-21,A,52,96.11198339358576,24.36326770500254,1,Spring,0
2022-08-30,C,29,55.03610311391811,21.499260706052986,0,Summer,0
2022-08-08,A,38,48.94562224177342,29.845534527332806,1,Summer,0
2022-05-06,A,42,51.192964464336455,49.97788516252193,0,Spring,1
2022-02-27,B,21,28.799445160464735,38.47244470410235,0,Winter,0
2022-05-28,A,42,43.18364537783157,19.89328515087136,0,Spring,0
2022-11-13,B,13,43.283193038845894,41.377652613702345,0,Fall,1
2022-12-27,C,64,14.711951816872517,8.535418165624009,1,Winter,1
2022-01-01,A,17,79.08108656661264,1.5231843154480063,0,Winter,1
2022-12-14,C,9,47.485398871349105,10.222418623213652,0,Fall,0
2022-07-09,C,41,83.9961898134781,17.020577805712982,1,Summer,1
2022-07-10,A,1,86.53132010079058,25.529037872977995,1,Summer,0
2022-11-08,A,2,29.079464922879225,30.75645702705999,0,Fall,1
2022-04-27,C,60,69.16181339531157,45.53028586072109,0,Spring,0
2022-05-14,A,48,52.50536237466835,25.492700477522884,1,Spring,1
2022-02-27,B,29,89.21410641293366,25.063782231286467,1,Winter,0
2022-02-13,B,97,29.41666112588087,2.5121504911491064,1,Winter,1
2022-06-22,A,10,71.00318802790397,1.7455776328111905,0,Summer,0
2022-06-09,C,58,64.69769100274503,27.557998095818604,0,Spring,0
2022-06-22,A,60,36.57713298146495,21.908930662417227,0,Summer,0
2022-11-13,A,21,22.294081328605536,41.95901974901493,1,Fall,0
2022-10-30,C,28,68.64757844295488,8.033979235592259,1,Fall,0
2022-05-29,C,75,76.47377123190977,1.24858310585248,1,Spring,0
2022-03-21,B,34,38.4064609387015,22.451938396506293,0,Spring,0
2022-08-01,C,8,68.03493436200824,11.873927837612875,1,Summer,0
2022-07-22,B,59,45.56178168503529,2.4807186669418724,0,Summer,1
2022-09-09,C,86,74.18861949543559,36.22991434238145,1,Summer,0
2022-08-17,A,72,27.92937474046478,5.579649997862374,0,Summer,0
2022-06-13,B,49,90.11935023725569,30.415975000388585,0,Spring,1
2022-08-15,B,79,35.866863681902174,14.052487508344457,1,Summer,0
2022-05-27,B,17,43.10073889805376,8.6748025177511,0,Spring,1
2022-01-20,A,60,15.22827568723148,18.987576145965875,1,Winter,0
2022-02-16,A,87,20.036099108914875,40.072288811147686,0,Winter,1
2022-08-21,A,88,56.42757124410953,19.604678845228634,1,Summer,1
2022-11-01,A,45,34.08334090551743,37.538482460552785,1,Fall,0
2022-01-14,A,83,85.1932203167975,6.274314839957534,0,Winter,1
2022-05-23,B,69,11.322404978945846,38.638570983253956,1,Spring,0
2022-01-01,A,32,44.11846438047426,11.846666245332433,0,Winter,0
2022-02-23,B,44,40.36109920921834,33.86965649444364,1,Winter,0
2022-09-16,A,65,11.739486782584093,28.289077742049816,1,Summer,0
2022-05-24,C,87,21.19315591004592,46.45723586058437,1,Spring,1
2022-01-12,B,8,47.227840742677174,19.366125898765702,1,Winter,0
2022-11-26,C,77,54.357812600270194,3.308259441722022,0,Fall,1
2022-08-12,B,72,46.38607725293822,0.9577742775626452,1,Summer,1
2022-09-29,C,87,57.78439105708844,41.34292804863765,1,Fall,0
2022-12-24,A,43,63.561850741511336,26.236781883071608,0,Winter,0
2022-06-05,A,1,10.893143901505207,38.76220259174746,0,Spring,0
2022-01-08,A,51,51.768564350815346,11.721280000575735,0,Winter,0
2022-05-02,B,24,96.71493167988295,17.254187275661685,0,Spring,1
2022-12-14,C,99,56.71290521165938,1.505193610565947,0,Fall,0
2022-06-13,A,24,70.97880407130579,48.07461622870561,0,Spring,1
2022-03-31,C,17,38.06774721251949,33.39339533504067,1,Spring,0
2022-05-16,C,5,79.65922403374863,46.66025438796531,0,Spring,0
2022-07-05,A,20,79.56293336885035,13.274820371453616,1,Summer,0
2022-11-12,A,21,56.916644288872504,30.573180561283042,0,Fall,0
2022-06-27,C,58,97.84124409512923,33.924998414631894,1,Summer,1
2022-01-28,A,31,21.2995193286388,15.877485012879422,1,Winter,1
2022-08-08,A,11,11.525289840062289,42.405461750781505,1,Summer,0
2022-12-23,A,52,79.31423905813864,47.35807314501239,0,Winter,1
2022-02-10,B,15,82.64399836283943,44.24275588480022,0,Winter,1
2022-08-16,C,83,20.818650620851862,36.953348796968626,0,Summer,0
2022-07-11,C,7,33.90245496627455,13.873233986247701,0,Summer,0
2022-05-25,B,28,11.579712702996602,14.080802105281586,1,Spring,1
2022-07-20,C,51,36.39777497025082,48.1680160223019,0,Summer,1
2022-07-31,A,58,79.58276865268044,0.5142247967846014,1,Summer,1
2022-08-08,C,5,56.6164474941321,35.802498662107226,1,Summer,1
2022-08-28,A,5,41.328603385145925,35.31230812776311,0,Summer,0
2022-02-15,B,94,43.456536541569726,31.134477047489874,0,Winter,0
2022-02-04,A,96,10.121826314392134,49.50544230434329,0,Winter,1
2022-09-10,C,8,36.98204748087123,15.593971788186261,1,Summer,0
2022-03-23,C,64,68.18128674741374,16.998593189662408,0,Spring,1
2022-09-13,C,10,97.67749994347214,3.9469701473277774,1,Summer,1
2022-07-16,B,38,86.23547442855096,22.139906827186874,0,Summer,0
2022-10-30,B,96,12.123546818097621,13.052426311742405,1,Fall,1
2022-01-10,C,92,90.87045442073554,17.169335108882212,0,Winter,1
2022-11-08,A,81,80.48785719687633,41.72858951278138,0,Fall,0
2022-10-13,B,95,80.23385112138824,46.77422567637478,1,Fall,0
2022-08-30,C,8,51.21961831032144,9.286653600259282,0,Summer,1
2022-09-08,C,25,45.82047636590525,18.625446577673294,0,Summer,1
2022-01-05,B,73,37.26241559498733,46.4315281057697,0,Winter,0
2022-04-29,B,66,15.91253730589292,3.0904230344611316,0,Spring,1
2022-10-16,B,79,30.54118271443292,4.6180264055689255,0,Fall,1
2022-03-06,A,50,32.19432714802221,8.139549460311468,0,Winter,0
2022-05-26,A,67,53.566936273918145,29.760641706343737,0,Spring,0
2022-08-12,C,49,77.26999659370246,7.523613550299873,1,Summer,0
2022-08-27,B,36,52.64288455581519,48.40381907253668,1,Summer,0
2022-06-26,A,68,15.206000450244455,22.335726362926017,0,Summer,0
2022-09-24,B,78,96.20108208893835,25.07589801750832,0,Fall,0
2022-12-07,C,41,94.8451887184701,12.332930790270325,0,Fall,1
2022-10-09,A,89,80.66705888335676,23.548012621736675,1,Fall,1
2022-03-04,A,62,99.21951114077986,33.095681631850574,1,Winter,0
2022-08-05,A,10,59.00340995202367,37.55885684770214,0,Summer,0
2022-12-08,C,21,96.64915152278854,37.69340413549565,1,Fall,1
2022-11-11,B,36,16.80445365550757,28.894555634704417,0,Fall,1
2022-10-10,A,12,42.91126734352342,45.217988749692864,0,Fall,1
2022-06-26,C,91,30.284314120608926,40.87039236530547,0,Summer,0
2022-04-08,B,2,27.6249775720843,37.852405734931274,0,Spring,0
2022-04-15,C,13,22.672265400340848,2.780276084023031,1,Spring,1
2022-04-09,B,53,66.0172277409397,0.3438981109824657,1,Spring,0
2022-11-07,C,32,80.31896701725745,10.622363859773648,0,Fall,0
2022-01-06,B,95,62.04685594783246,33.176179695672616,1,Winter,0
2022-07-16,A,16,23.22664386293887,20.559874444127292,1,Summer,1
2022-12-17,B,32,83.00113929401238,20.120312964965585,0,Fall,1
2022-05-13,C,32,67.23592364473556,44.22934441148069,1,Spring,0
2022-12-24,C,98,44.934913551429595,44.77814240659194,0,Winter,0
2022-09-16,B,11,70.67172659824567,45.458763202679286,0,Summer,0
2022-01-23,A,10,33.39144813185496,15.693903825751365,0,Winter,0
2022-02-22,A,15,41.06729876447895,34.55279063696309,0,Winter,0
2022-06-14,B,17,92.57372588187911,13.581659063718481,1,Spring,1
2022-07-21,B,40,36.145405510427835,9.530491653722489,0,Summer,0
2022-03-24,C,18,52.298944134214295,9.231622867368461,1,Spring,0
2022-05-25,A,55,90.11270236564131,17.1053810431797,0,Spring,0
2022-03-26,B,73,73.69492152407747,21.497880988991085,0,Spring,1
2022-03-19,A,25,15.598290354823249,41.54745855275342,1,Winter,1
2022-01-01,B,59,23.257273985107332,5.994554673635605,0,Winter,0
2022-02-20,B,78,10.705743169472514,36.74629236974471,1,Winter,1
2022-06-22,A,89,66.7829611206247,26.572745709465266,1,Summer,1
2022-07-24,B,22,50.29060828693765,14.397267133799623,0,Summer,1
2022-09-17,B,30,22.084736581204798,24.640979226641228,0,Summer,1
2022-10-15,C,84,96.21407089510934,14.997103488851133,0,Fall,1
2022-02-03,B,85,57.66937515510579,29.804097761915298,0,Winter,1
2022-12-14,B,44,31.770396470160026,21.69219614276221,0,Fall,0
2022-04-05,B,32,55.05432140392368,8.220276453943937,0,Spring,1
2022-03-13,C,51,71.1658299461597,5.829153727784836,1,Winter,1
2022-02-08,A,46,16.861529617620803,27.33478410360651,1,Winter,0
2022-06-03,C,21,34.72334335431028,45.12065166430517,0,Spring,0
2022-09-07,C,99,82.62689417955943,17.197884327884278,1,Summer,0
2022-06-11,A,32,51.36983833623951,36.65000536113116,1,Spring,0
2022-04-28,C,94,59.191942782906544,32.93306774698835,0,Spring,1
2022-09-16,A,39,48.953440198852235,46.57774571547405,0,Summer,1
2022-11-02,C,12,13.95099483787046,41.049050864957046,1,Fall,1
2022-09-25,A,47,24.917480183814035,28.330262945273148,0,Fall,1
2022-02-23,B,18,50.09874748677018,32.85152491170537,1,Winter,0
2022-08-24,C,21,28.826691886713505,44.919323329201745,0,Summer,1
2022-08-10,C,13,14.498112579371085,19.97593922934674,1,Summer,1
2022-09-08,C,21,85.92846976466413,16.339735292888868,1,Summer,0
2022-11-09,C,8,98.30732762477042,0.540554181759817,1,Fall,1
2022-04-22,B,46,81.38285865970656,41.32755370957321,1,Spring,1
2022-09-12,C,7,86.84064295342003,40.04903502016825,0,Summer,1
2022-10-30,B,23,31.777941728534085,5.222725905007569,0,Fall,1
2022-07-26,B,96,96.45642779618798,28.842869056635013,1,Summer,0
2022-08-17,B,75,27.723313400808554,23.199084908344368,1,Summer,0
2022-12-07,B,86,95.6286829325649,5.9354547754555735,0,Fall,0
2022-03-07,A,22,99.5337364569356,49.02841135303618,0,Winter,0
2022-03-16,A,89,74.05505251714439,10.734794373167771,1,Winter,0
2022-04-13,C,22,98.30293586126398,3.3617090045280573,1,Spring,1
2022-07-11,A,92,61.25858016103933,29.74236897509548,1,Summer,1
2022-09-09,A,29,33.35876048584813,36.943333856651634,1,Summer,0
2022-08-14,C,13,49.32962970990588,1.6221723023593482,1,Summer,0
2022-10-21,C,82,63.42048418409074,32.93588193635111,0,Fall,0
2022-11-02,C,2,16.577340582431347,26.614593797572724,1,Fall,1
2022-04-08,A,29,66.01089381555215,5.163250443752421,0,Spring,0
2022-12-04,A,85,98.3060053086065,8.626193847318103,0,Fall,1
2022-10-13,C,79,27.109688480535485,28.398714865804024,0,Fall,1
2022-12-01,B,52,81.33356046595449,14.81788067566442,1,Fall,1
2022-12-13,C,27,91.71089144016574,46.9157864325658,0,Fall,1
2022-11-04,B,50,94.93314335381987,40.93701147420254,0,Fall,0
2022-09-06,B,95,96.41220439649025,49.17836032568315,0,Summer,1
2022-06-15,C,79,56.93136748493247,12.983541947520699,0,Spring,1
2022-12-01,C,23,97.95771171923533,48.48618163989885,1,Fall,0
2022-01-30,C,88,78.1579186420995,21.561693489577895,1,Winter,1
2022-09-04,A,44,24.55042926132657,17.375939765687733,0,Summer,1
2022-04-16,B,77,52.9210095821173,2.517476348467662,0,Spring,1
2022-02-20,A,22,74.64980578348036,2.638262892980131,1,Winter,0
2022-03-22,A,43,32.2606284237175,34.600562797332735,1,Spring,1
2022-05-13,C,37,67.65536651939986,22.896449721701394,1,Spring,1
2022-10-12,A,61,69.99404311419573,11.326081301805285,0,Fall,0
2022-05-18,C,97,24.64297694277093,30.69851531626163,1,Spring,0
2022-07-03,B,56,60.85767812074806,12.642905912505558,0,Summer,1
2022-11-26,C,3,79.44642198807469,28.88158771722113,0,Fall,1
2022-09-30,A,63,54.900609808234776,17.960437349134516,1,Fall,0
2022-12-06,A,19,11.089280509849669,41.17761133059095,0,Fall,1
2022-03-10,C,23,10.813462217136296,41.034808038338966,1,Winter,0
2022-02-03,C,29,42.1326409573011,23.867519906120066,0,Winter,1
2022-09-19,A,30,93.35746615886038,17.54095546675078,1,Summer,0
2022-02-22,B,39,30.580910164324788,18.12798982795473,0,Winter,1
2022-07-24,B,25,67.09273199845185,40.285726283410895,0,Summer,0
2022-05-06,C,8,29.986828362398853,16.4089741398806,1,Spring,0
2022-08-23,B,58,38.950299069359374,10.4529686853423,1,Summer,0
2022-02-12,A,16,86.32378806413355,4.234417093765341,1,Winter,0
2022-08-28,C,72,75.59752980429522,23.33465604422042,1,Summer,0
2022-04-21,A,1,18.585934958188957,24.106604945992093,0,Spring,1
2022-09-06,A,5,48.58318188877902,42.04543552014536,1,Summer,1
2022-05-31,B,3,12.625278728073802,11.061934822303199,1,Spring,0
2022-07-02,C,65,53.28011319427081,19.049563683419997,0,Summer,1
2022-12-02,C,4,69.61906105309612,40.42028694468455,1,Fall,1
2022-04-05,B,99,20.66523612383364,41.181180537448675,1,Spring,1
2022-01-08,A,96,35.99964450182491,19.23055379893841,0,Winter,1
2022-12-26,A,64,45.805296295194125,22.956201164334043,1,Winter,1
2022-07-03,A,98,92.75779221904448,15.164294542464146,1,Summer,1
2022-10-08,A,89,99.39295138806676,46.6277439209656,1,Fall,0
2022-07-14,C,10,14.042016909605426,5.932188287079016,1,Summer,1
2022-12-18,C,21,78.49071311458529,46.6874711500735,1,Fall,1
2022-07-14,B,46,43.45516597621089,34.19332259176716,1,Summer,1
2022-06-04,B,91,45.3212367606532,26.57860763433656,0,Spring,0
2022-04-03,C,27,77.88384760123205,1.6329530392247937,1,Spring,1
2022-06-09,C,66,92.65837889308678,23.779809591100413,0,Spring,1
2022-03-02,A,41,95.58357350522935,20.387405250136613,0,Winter,1
2022-05-02,A,13,61.94103274344887,8.060940598756128,0,Spring,0
2022-02-20,B,9,42.14090433704526,32.82048017503285,0,Winter,1
2022-10-04,C,36,80.87941772729013,48.55754536841429,1,Fall,0
2022-01-05,B,86,32.59012449360702,28.109440553226257,1,Winter,1
2022-04-02,C,90,60.7666625950166,35.73766382219729,1,Spring,0
2022-06-19,A,58,42.272061537238585,3.422522628300839,0,Spring,0
2022-11-13,B,54,69.09679663370885,20.883349790849735,1,Fall,0
2022-01-22,B,12,31.635902160415622,5.817924258224794,1,Winter,1
2022-11-22,C,81,27.24336511613432,30.63979177682552,1,Fall,0
2022-01-01,A,78,92.64151780078933,46.92410791070773,0,Winter,0
2022-05-13,B,14,19.162331465458323,33.08888662358193,0,Spring,0
2022-08-21,A,34,55.53621169614385,3.8401524157210765,1,Summer,0
2022-01-12,B,53,29.876750466670803,17.733310249254142,0,Winter,1
2022-12-12,A,20,13.50369669931007,27.533168972042578,0,Fall,1
2022-02-15,C,75,13.241693646228375,20.160387806662612,1,Winter,1
2022-02-03,B,16,25.76995948952446,41.68220052375862,0,Winter,1
2022-03-19,B,95,88.00933190554002,40.73355023549946,0,Winter,0
2022-08-06,A,70,35.4230869579324,30.591551005161072,1,Summer,1
2022-10-28,A,56,95.54132535177662,18.672897256635263,0,Fall,0
2022-03-14,B,83,62.34600636902742,12.766818688162207,0,Winter,1
2022-10-09,C,58,49.29527707918895,5.2937159106564655,0,Fall,1
2022-09-06,A,4,62.207995120250914,17.7448841743277,0,Summer,1
2022-02-16,A,4,56.5028546703641,20.658625860385975,0,Winter,0
2022-05-01,A,20,78.28986283815927,33.79114625520368,0,Spring,1
2022-08-02,B,10,35.424645937556704,32.90799121487867,0,Summer,1
2022-08-27,B,24,41.77453524402721,3.5054069820628477,0,Summer,1
2022-02-25,B,99,90.46848722799257,19.762965771557887,1,Winter,0
2022-12-16,B,26,95.1810861835365,9.088943360868097,1,Fall,1
2022-04-17,C,37,90.33024047378271,7.840635265840285,1,Spring,1
2022-11-15,C,85,47.75031945615822,41.36510748686229,1,Fall,0
2022-02-17,B,54,80.23289527061935,2.0957608358128765,0,Winter,0
2022-03-02,C,21,52.87021599709889,20.959143795106066,1,Winter,1
2022-12-03,A,74,54.778586693149194,8.41018278832591,1,Fall,1
2022-01-26,A,38,28.421209815155557,43.9665107839237,0,Winter,1
2022-10-19,A,46,63.20172729326648,27.852025663751757,0,Fall,0
2022-09-14,B,4,26.752230797801314,11.5690318188424,0,Summer,0
2022-01-08,A,60,39.84082291604744,25.12136435831882,0,Winter,0
2022-04-23,C,57,86.95271814579417,36.574317985155794,0,Spring,1
2022-12-21,B,45,28.63682282897697,47.90590044597169,1,Winter,0
2022-09-10,C,20,16.404245665608954,11.022300212270947,0,Summer,1
2022-06-29,A,17,16.21068333515347,44.309088606467256,1,Summer,0
2022-07-26,A,71,94.6706068452797,46.71520570837451,1,Summer,0
2022-10-30,A,4,55.622839416565114,45.82102722660331,0,Fall,0
2022-05-07,B,93,46.84708646353165,31.770717843095493,1,Spring,1
2022-02-25,C,14,82.97907229071266,31.491032721735383,1,Winter,1
2022-08-02,B,3,85.22433351194644,20.16053165919114,0,Summer,1
2022-01-14,B,88,39.89719298040441,37.619894115189396,1,Winter,1
2022-01-28,A,80,72.42562517264157,26.564700917546595,1,Winter,0
2022-03-19,B,58,79.40105342666979,33.871903561414726,1,Winter,1
2022-08-04,B,55,68.91856181793591,21.42289519243977,0,Summer,0
2022-06-03,A,4,23.643556732008943,36.574823202156956,0,Spring,1
2022-01-14,B,24,88.82947751653514,41.22357588022745,0,Winter,1
2022-07-06,A,34,58.51850974624078,7.321812830140805,1,Summer,0
2022-11-08,A,30,35.422518373300335,41.6464857787114,0,Fall,0
2022-01-07,A,82,48.27053668939245,27.014826589515362,1,Winter,1
2022-01-03,A,19,13.381398135901664,42.233295454511214,0,Winter,1
2022-04-21,B,31,21.50801211001758,21.56508531705073,1,Spring,0
2022-08-26,A,60,78.89920754642748,18.952024269151753,0,Summer,0
2022-12-29,A,60,10.001047127982952,45.75303662586112,0,Winter,0
2022-08-27,B,19,47.490924563406296,12.558463377420065,1,Summer,0
2022-10-01,B,49,57.02591629770296,42.210616264307156,0,Fall,0
2022-10-21,C,63,14.917097800087507,24.201028625470205,1,Fall,1
2022-08-15,B,83,97.57703466750996,25.704772127562986,0,Summer,1
2022-01-15,B,22,30.351279812470473,15.4234140744742,0,Winter,1
2022-07-11,C,24,37.37788476726528,28.652110030950784,1,Summer,1
2022-04-29,B,76,37.35482610295246,16.260559813810566,1,Spring,0
2022-01-28,B,30,30.73749959056149,1.9634707120826156,1,Winter,0
2022-07-21,B,58,10.132643987768027,13.599930267217802,0,Summer,0
2022-02-08,B,31,75.64103146791967,0.31895217032953393,1,Winter,1
2022-09-30,C,64,97.01609498193568,48.91773935284283,0,Fall,0
2022-08-19,B,19,30.186413495654055,48.287360490987375,1,Summer,0
2022-03-27,B,48,69.67424726230801,19.75776487361525,1,Spring,1
2022-05-06,C,45,76.77066942628436,36.4185427169823,1,Spring,1
2022-10-27,A,94,86.35828411814722,17.290304920521248,1,Fall,1
2022-01-25,C,55,48.03662773122482,33.5546578542988,1,Winter,0
2022-05-25,A,55,37.26378150763863,40.27150215229896,1,Spring,0
2022-01-13,C,97,39.2765620620728,47.33781223461204,0,Winter,1
2022-07-31,C,18,74.13591997886616,20.0106137924836,1,Summer,1
2022-01-25,B,63,83.51015198550725,39.16489914780239,0,Winter,0
2022-03-09,A,92,26.34525709809424,13.29642253160594,1,Winter,1
2022-03-08,B,47,43.38469073419887,49.51661518968242,1,Winter,0
2022-08-21,A,75,91.17461770742351,1.2884799382175571,1,Summer,1
2022-04-19,C,57,82.60241677252652,30.17644032505605,0,Spring,1
2022-05-26,C,45,98.63725624862282,32.97529908256636,0,Spring,1
2022-04-21,A,33,77.88234337138726,34.402277853706444,1,Spring,0
2022-08-16,B,17,45.38756809251301,6.019378939454451,0,Summer,0
2022-04-21,B,70,63.1574050595174,46.92648917365652,1,Spring,1
2022-02-03,B,4,69.49128288225883,9.05916395250414,1,Winter,0
2022-04-21,B,20,17.061023468541155,31.137670161992055,0,Spring,1
2022-09-21,C,47,59.00472631934786,11.133803956154248,0,Summer,1
2022-08-24,C,91,73.83887456253487,15.360820851063545,0,Summer,0
2022-03-24,C,15,25.058917360095435,27.322927086406217,0,Spring,0
2022-02-11,C,70,80.25685456830014,20.859670928228823,1,Winter,0
2022-04-11,C,47,62.539550246270046,8.011280048825315,0,Spring,0
2022-01-06,B,78,95.69996071278352,8.546820121042414,0,Winter,1
2022-06-29,B,75,13.818006838620253,20.907239408139983,1,Summer,0
2022-10-09,B,9,33.87935237999203,37.86414891377504,0,Fall,0
2022-11-16,B,90,64.13984913698417,44.89823234238943,0,Fall,1
2022-08-14,C,16,36.69039209853376,4.206383112969142,0,Summer,1
2022-11-11,C,69,74.2981747664118,19.655195377970053,0,Fall,1
2022-08-17,C,61,78.3104754269738,5.012278186143831,1,Summer,1
2022-10-16,A,10,19.2264367659827,0.8296240316298942,1,Fall,0
2022-05-30,B,50,56.24690177860909,33.08593413219783,0,Spring,0
2022-10-04,B,3,55.80015000319503,30.12247209832939,0,Fall,1
2022-07-17,C,77,43.2352693193987,8.150955690744311,1,Summer,1
2022-03-11,B,94,93.96323763127049,11.690641654653206,0,Winter,0
2022-04-22,B,70,84.47556878858991,1.185387682225919,0,Spring,0
2022-01-04,C,81,72.7488443718673,41.74736028472019,0,Winter,0
2022-12-16,A,51,74.28939721614978,48.73452980242757,0,Fall,0
2022-11-27,A,19,51.55445294318072,6.7729768397345405,0,Fall,0
2022-11-14,A,42,92.88950689869183,11.573760688264906,0,Fall,1
2022-12-16,C,35,72.51358845279569,43.4204761973467,0,Fall,1
2022-04-05,B,46,75.60829554902348,46.32318989780924,0,Spring,1
2022-06-01,C,26,87.55218134086107,20.981369140340515,0,Spring,1
2022-11-07,C,69,34.66644304079719,2.5311236134537065,1,Fall,0
2022-05-17,B,93,82.63638134800327,1.96959168464097,1,Spring,1
2022-09-04,A,64,27.571654266084284,28.69749330345052,1,Summer,0
2022-08-31,A,37,41.0807757020399,19.64475544465895,0,Summer,0
2022-01-31,C,84,40.20494088428585,1.4326213788827258,0,Winter,0
2022-02-09,A,49,98.06729215502266,29.16261961562784,1,Winter,0
2022-08-17,C,21,87.08835013731341,0.5651268294511236,0,Summer,0
2022-02-05,C,74,73.10528754312338,39.368597907463645,1,Winter,0
2022-08-11,B,64,75.4351085453851,15.321641135168578,0,Summer,0
2022-01-06,B,5,60.586551496231394,2.012900150461605,1,Winter,1
2022-11-18,B,70,95.23816003976671,29.417611049157667,1,Fall,0
2022-08-08,C,90,54.66328775941254,19.884220721652735,1,Summer,1
2022-03-16,B,4,44.246593888290505,48.690020667857475,0,Winter,1
2022-01-04,A,39,24.67318032384319,27.20993312518511,1,Winter,0
2022-12-01,A,35,80.75850870349522,13.761959051850415,0,Fall,0
2022-05-14,C,1,76.09995388680323,35.47194323169874,0,Spring,1
2022-04-28,C,24,44.59195346717214,13.574600127135566,0,Spring,1
2022-04-04,B,57,12.267407256330642,45.212164570378256,0,Spring,1
2022-03-03,C,70,85.50975949462097,18.73609852536882,0,Winter,1
2022-07-13,C,41,11.027618510866628,27.49342813881026,0,Summer,0
2022-12-01,A,54,73.33298016661459,2.5286551912114428,0,Fall,0
2022-07-22,A,46,97.32313987534513,21.30606189761154,1,Summer,0
2022-01-26,B,60,49.38951953333831,41.61817698304975,1,Winter,1
2022-06-22,C,60,31.14760644963575,40.28244026816709,1,Summer,0
2022-10-27,C,57,73.43839090390435,11.215927942676313,0,Fall,1
2022-05-13,A,31,83.54153278140267,11.303953550528135,0,Spring,0
2022-11-22,C,84,59.17872844700626,40.86526561066184,0,Fall,1
2022-04-28,A,24,97.03317477305316,46.51992100846628,0,Spring,0
2022-11-20,B,89,14.650184949216499,4.768046063650178,1,Fall,0
2022-10-02,A,36,55.43160384740753,22.502931971311263,0,Fall,1
2022-07-31,C,85,74.6608552590295,16.872713948211448,1,Summer,1
2022-08-13,B,30,87.63764240342611,43.53442277287197,0,Summer,1
2022-01-20,A,24,26.133005071701103,4.176245734000938,1,Winter,1
2022-04-23,A,30,82.00031335873133,10.556297127901871,0,Spring,1
2022-05-20,B,86,59.743636814669074,37.623416879324715,1,Spring,0
2022-02-16,B,92,45.68983137909669,2.564692449060779,0,Winter,1
2022-01-01,A,7,21.854352572118422,24.626769035714464,1,Winter,0
2022-03-31,C,35,87.87661830180211,22.105351733986,0,Spring,0
2022-05-22,A,55,24.154588736174382,16.720058949437433,1,Spring,0
2022-11-16,B,92,37.880907328818935,19.728615765946188,1,Fall,0
2022-02-07,A,14,36.10409787661932,26.497029346511646,0,Winter,0
2022-10-20,B,10,88.42726307717689,8.068367919419156,1,Fall,1
2022-05-19,B,80,70.54326947880082,28.59979391417964,0,Spring,1
2022-12-22,C,16,81.7013257472235,40.27161646499932,0,Winter,0
2022-11-29,B,54,32.54211089132491,38.008046489507954,0,Fall,0
2022-09-16,B,95,66.23866896462991,7.694995234688684,1,Summer,1
2022-06-10,C,89,61.45713848293738,7.462473487073695,1,Spring,1
2022-06-27,B,77,84.9547339109444,13.408718387245667,0,Summer,0
2022-01-10,C,70,91.54783544331345,18.05373631705186,0,Winter,1
2022-09-18,C,44,11.094109432964812,20.42277907042413,1,Summer,1
2022-05-18,B,73,70.66179271529134,33.98486084166726,1,Spring,1
